,Dataset,Frame Number,Label,Max Intensity,Min Intensity,Avg Intensity,X Size,Y Size,Total Size
0,8,00454,BikeGroup,158.1809309999642,100.08690619771671,129.7290975784326,60,61,3660
1,8,00376,BikeGroup,158.19274075461195,99.72276041616271,125.11482931683233,65,64,4160
2,8,00349,BikeGroup,158.18227691293575,100.15591846604573,123.86052407255211,65,65,4225
3,8,00381,BikeGroup,158.18842755620972,99.69439206425905,125.55810467169724,63,63,3969
4,8,00368,BikeGroup,158.19396056468315,100.63386974815771,124.22306044451253,64,63,4032
5,8,00357,BikeGroup,158.18859368810683,100.20566854930253,124.10024495731024,62,62,3844
6,8,00437,BikeGroup,158.18311951074716,99.799008616587,127.96109193886946,66,62,4092
7,8,00429,BikeGroup,158.18350912150206,99.69491640778146,127.30902086270447,62,61,3782
8,8,00391,BikeGroup,158.1814126199217,99.79618811413751,124.29062594792528,66,63,4158
9,8,00378,BikeGroup,158.19377903307694,99.5303013100086,124.86095521267765,65,68,4420
10,8,00347,BikeGroup,158.18560809318333,100.54311219282727,124.79007798487169,65,65,4225
11,8,00465,BikeGroup,158.18115229216428,100.3885823921592,129.20604168866032,59,61,3599
12,8,00444,BikeGroup,158.1809259203957,100.15872110593023,128.53919001594144,60,58,3480
13,8,00366,BikeGroup,158.19080013554023,99.75190953761552,124.3532903364854,65,68,4420
14,8,00359,BikeGroup,158.187853588988,100.06807230292881,123.59037467042802,64,67,4288
15,8,00439,BikeGroup,158.18282737622764,100.16523506713717,127.82768180015653,60,60,3600
16,8,00427,BikeGroup,158.18264049923891,100.26679794360896,126.55116693667868,60,57,3420
17,8,00428,BikeGroup,158.18396154831595,99.80816309273496,126.91257062707501,62,60,3720
18,8,00436,BikeGroup,158.18511625062345,99.80143176458002,127.0063979960585,61,58,3538
19,8,00380,BikeGroup,158.1844831895581,99.97291375972993,126.72195110746043,61,62,3782
20,8,00369,BikeGroup,158.1854318564557,100.81110200917037,126.02532362706586,62,65,4030
21,8,00356,BikeGroup,158.18895141655918,100.69603961672046,123.91139908344287,63,65,4095
22,8,00377,BikeGroup,158.18617526261752,99.49714613608475,125.09308921138037,62,60,3720
23,8,00455,BikeGroup,158.1793324577202,100.24165261136757,128.46335157367787,57,60,3420
24,8,00348,BikeGroup,158.18900805078314,100.41224331533999,124.05012697261151,63,63,3969
25,8,00426,BikeGroup,158.18062098180786,99.71579421602291,126.93535823739815,60,59,3540
26,8,00438,BikeGroup,158.18024132519153,99.8387354696515,127.43423815438042,58,60,3480
27,8,00367,BikeGroup,158.18948310015375,100.88285335746693,124.03600592302016,63,64,4032
28,8,00445,BikeGroup,158.180396358744,99.97856443124037,127.09101451705114,59,60,3540
29,8,00358,BikeGroup,158.18792378800345,100.62236329908514,123.51027979406817,68,62,4216
30,8,00390,BikeGroup,158.18138327229838,99.46104627225239,123.57494717800495,68,60,4080
31,8,00379,BikeGroup,158.18915889630313,99.03017017364706,124.10800862017967,65,66,4290
32,8,00464,BikeGroup,158.18233095246902,99.96454427505898,128.00342710129934,61,58,3538
33,8,00346,BikeGroup,158.18968849393565,100.41114632147547,123.44550804033581,62,62,3844
34,8,00425,BikeGroup,158.1761595162296,99.50517380418516,126.80405216788748,61,63,3843
35,8,00345,BikeGroup,158.18765412064445,100.19103874491806,123.67154910200362,65,64,4160
36,8,00467,BikeGroup,158.18451860361162,99.99155804284926,129.42220699069082,60,55,3300
37,8,00458,BikeGroup,158.18545428217294,100.81285415634889,127.58571991322933,60,61,3660
38,8,00446,BikeGroup,158.18116089135782,100.43255913739131,127.07825655725502,61,62,3782
39,8,00364,BikeGroup,158.18538375301003,99.7805340757696,123.34498970163699,66,63,4158
40,8,00435,BikeGroup,158.18380345489186,99.94527397109457,127.07711457243072,59,59,3481
41,8,00469,BikeGroup,158.18777560866536,100.28352235007699,129.7500914342253,59,59,3481
42,8,00456,BikeGroup,158.1857158608241,100.73971339610728,127.26441893242547,61,59,3599
43,8,00374,BikeGroup,158.18512812985085,100.18991849096943,126.01924610831688,65,62,4030
44,8,00355,BikeGroup,158.185439774876,100.71257694101,124.67663496393789,60,66,3960
45,8,00383,BikeGroup,158.18561728727366,99.54222637917135,124.67248902173651,64,66,4224
46,8,00448,BikeGroup,158.18328217045428,100.40389545875786,126.67595601073869,55,60,3300
47,8,00365,BikeGroup,158.1843467392593,100.66023830416881,123.0657182214817,66,63,4158
48,8,00447,BikeGroup,158.17932030488257,100.18919956124115,126.88566408548273,64,60,3840
49,8,00466,BikeGroup,158.18519564663623,100.2328858799779,130.46847905996626,58,57,3306
50,8,00344,BikeGroup,158.18981046515773,99.88253423148983,123.39471814130245,62,63,3906
51,8,00459,BikeGroup,158.185360222113,100.8481939120465,129.55194474853548,63,58,3654
52,8,00424,BikeGroup,158.1806099842083,100.00917676600722,126.38504828546198,61,61,3721
53,8,00354,BikeGroup,158.19115261276565,100.00552188433858,124.7420835952409,63,65,4095
54,8,00449,BikeGroup,158.18645687557802,100.50062479851766,128.10072958960274,63,58,3654
55,8,00382,BikeGroup,158.17995267284832,99.70183251942436,124.85242751720477,68,64,4352
56,8,00468,BikeGroup,158.18737954653488,100.30487224927974,128.92466494649798,60,61,3660
57,8,00375,BikeGroup,158.18763608466782,100.22129961915185,124.84378019142588,67,65,4355
58,8,00457,BikeGroup,158.18667687484773,100.18523653375853,127.52666151519412,59,63,3717
59,8,00434,BikeGroup,158.18205757789048,100.0813058350689,127.2807598269226,56,59,3304
60,8,00422,BikeGroup,158.1768586998876,99.41601768086444,125.62467597443369,60,64,3840
61,8,00342,BikeGroup,158.18316062812664,100.34337189360677,123.98518227401055,68,64,4352
62,8,00460,BikeGroup,158.18979392487856,100.66840600705927,129.9124934671686,58,61,3538
63,8,00441,BikeGroup,158.18415918478948,99.89664847120402,128.0565795954137,61,60,3660
64,8,00363,BikeGroup,158.19007989303523,100.77060979831046,124.26848588286336,67,63,4221
65,8,00432,BikeGroup,158.17655780873469,99.78901583424702,128.1862502719732,60,63,3780
66,8,00451,BikeGroup,158.18714191049582,100.75178190990152,132.50490827912262,59,60,3540
67,8,00373,BikeGroup,158.18798505381227,100.59604366961412,124.63625124567628,63,64,4032
68,8,00352,BikeGroup,158.18861892877828,99.96750403644634,123.33273168317137,64,66,4224
69,8,00470,BikeGroup,158.18409071351573,100.11515847416624,130.23598754066708,59,63,3717
70,8,00384,BikeGroup,158.1863122329629,100.19253150486355,124.6438601704957,62,67,4154
71,8,00362,BikeGroup,158.18709115521474,100.45134401822952,123.85474103313794,66,66,4356
72,8,00440,BikeGroup,158.18684367977747,100.53203172051548,128.5720220149901,62,59,3658
73,8,00461,BikeGroup,158.1832801317961,100.57726132461934,129.08005360232727,57,61,3477
74,8,00343,BikeGroup,158.18796785262506,100.3639951680432,123.34519618324154,64,69,4416
75,8,00423,BikeGroup,158.1745058304085,99.61286148191108,126.51769587834181,62,60,3720
76,8,00353,BikeGroup,158.18815958434706,100.07864035576031,123.83152260372619,65,64,4160
77,8,00385,BikeGroup,158.18675579366732,100.21344534535054,124.56923100488814,65,63,4095
78,8,00372,BikeGroup,158.1876653766172,100.48195110582098,126.29740241826184,69,64,4416
79,8,00450,BikeGroup,158.18451911823826,100.02540554184432,127.37111751435351,60,60,3600
80,8,00433,BikeGroup,158.18112381687382,99.87478465607978,126.42142672199819,61,62,3782
81,8,00453,BikeGroup,158.18709156908756,100.4619445167624,130.3130748781226,60,62,3720
82,8,00371,BikeGroup,158.18880385287935,100.39395740419778,124.67304848265474,69,66,4554
83,8,00386,BikeGroup,158.18253151971612,100.0340152052701,124.01604457173222,63,63,3969
84,8,00350,BikeGroup,158.18834984115554,100.41052044858307,124.7132800892065,63,66,4158
85,8,00430,BikeGroup,158.18329417766964,99.06483506875459,126.57782181575399,62,60,3720
86,8,00462,BikeGroup,158.18653754708276,100.40397494025628,127.91820732317345,61,60,3660
87,8,00443,BikeGroup,158.17912620300493,100.55058229900925,128.10333840038442,57,59,3363
88,8,00361,BikeGroup,158.18970408054165,101.06609922581767,123.32472792743116,61,63,3843
89,8,00388,BikeGroup,158.19047742852845,100.18758228098564,124.73060904551281,65,66,4290
90,8,00420,BikeGroup,158.17479963699571,99.92163385068281,125.27547508903129,59,62,3658
91,8,00431,BikeGroup,158.18291699367705,100.53487866608867,127.86443770874891,59,61,3599
92,8,00387,BikeGroup,158.18910572663424,99.15035637027864,125.0065851652786,61,64,3904
93,8,00351,BikeGroup,158.18232188373767,100.56294608183495,125.0816304915059,63,61,3843
94,8,00370,BikeGroup,158.19167266121966,100.29249349588268,125.8444214476613,65,67,4355
95,8,00452,BikeGroup,158.1844258898447,100.22569901034404,132.7909995286534,57,59,3363
96,8,00421,BikeGroup,158.179361689673,100.24607876391622,126.42710466542277,58,60,3480
97,8,00360,BikeGroup,158.19113219258492,99.8504077801874,123.54294980113889,62,65,4030
98,8,00389,BikeGroup,158.1803008507379,99.98611415253518,124.59306393026148,65,63,4095
99,8,00442,BikeGroup,158.18219240687472,99.6957102186205,125.9698170218015,59,65,3835
100,8,00463,BikeGroup,158.18852988428316,100.5395793533921,131.311519329702,59,61,3599
101,7,00225,PedestrianGroup,158.1993669574924,101.33507499634322,125.793549004908,52,65,3380
102,7,00212,PedestrianGroup,158.19568032182292,101.55449228220876,126.79676316521548,47,67,3149
103,7,00214,PedestrianGroup,158.196159484022,101.941064985993,128.28517100727075,36,72,2592
104,7,00188,PedestrianGroup,158.1943440552774,101.55404514544352,124.5915631207056,49,60,2940
105,7,00223,PedestrianGroup,158.20141117566783,101.64977145816694,125.29238248831521,40,69,2760
106,7,00218,PedestrianGroup,158.19627127061,101.24126935858928,126.15832126459176,44,70,3080
107,7,00184,PedestrianGroup,158.19172345854457,100.94756056664237,124.50363570949538,49,71,3479
108,7,00182,PedestrianGroup,158.1930175395382,100.43782449979646,124.449083370633,51,59,3009
109,7,00192,PedestrianGroup,158.19416593255485,101.09860748212397,124.87774023903377,47,67,3149
110,7,00194,PedestrianGroup,158.19161761424314,100.60965236230126,126.01782194079422,48,72,3456
111,7,00208,PedestrianGroup,158.1911739626484,101.3542743016827,125.13107015396008,45,71,3195
112,7,00198,PedestrianGroup,158.18860336951266,101.91561842882152,125.7315949069222,40,73,2920
113,7,00204,PedestrianGroup,158.19123145155817,101.81567984701125,125.55822234997584,36,70,2520
114,7,00202,PedestrianGroup,158.19293669755984,101.0148420595233,125.28362014631661,37,71,2627
115,7,00213,PedestrianGroup,158.19178327083722,102.0312215448991,127.49661498812944,53,72,3816
116,7,00224,PedestrianGroup,158.19525658490127,101.56276644656414,126.42916292557523,35,74,2590
117,7,00222,PedestrianGroup,158.19514207675917,101.41667399183929,126.18246240753433,31,71,2201
118,7,00215,PedestrianGroup,158.1938447253042,101.64749407500696,126.42975348149297,46,70,3220
119,7,00189,PedestrianGroup,158.19108885694934,100.97094762244483,125.76824427172079,38,52,1976
120,7,00219,PedestrianGroup,158.19487310150544,101.51060598371024,125.50372603564429,42,72,3024
121,7,00185,PedestrianGroup,158.19712519142453,100.70042565697088,124.92475786921898,43,75,3225
122,7,00183,PedestrianGroup,158.19037121934844,101.1249611172724,124.35901676133118,49,73,3577
123,7,00193,PedestrianGroup,158.20032506832655,101.13079947885575,126.50951823044804,41,64,2624
124,7,00195,PedestrianGroup,158.19120286071205,101.10920386050921,125.33415792682685,54,67,3618
125,7,00209,PedestrianGroup,158.19149613209586,101.92333279208297,126.40520999019063,38,70,2660
126,7,00199,PedestrianGroup,158.19080151579482,100.83819371760038,126.53679919683216,37,70,2590
127,7,00205,PedestrianGroup,158.1840585489039,101.04391486228897,125.67009776992894,40,71,2840
128,7,00203,PedestrianGroup,158.1959375494377,100.56568597670503,124.7473465024073,40,73,2920
129,7,00216,PedestrianGroup,158.19758307522252,101.81413767748487,126.37262250038148,48,70,3360
130,7,00221,PedestrianGroup,158.19630244931875,100.89466828824412,126.05154463788688,35,67,2345
131,7,00227,PedestrianGroup,158.19360324227094,102.53283582199445,125.57219851291363,48,68,3264
132,7,00210,PedestrianGroup,158.195907400191,102.42557388219035,128.06460047870766,39,68,2652
133,7,00180,PedestrianGroup,158.19920404390996,101.33073607078585,123.92721381683626,39,64,2496
134,7,00186,PedestrianGroup,158.19867682827953,100.86224726744646,125.40018855663858,46,61,2806
135,7,00179,PedestrianGroup,158.19477845038557,101.209562597138,123.83492800522409,48,75,3600
136,7,00196,PedestrianGroup,158.18753990131395,100.91370189881488,124.998736436238,40,62,2480
137,7,00190,PedestrianGroup,158.18930149026113,101.09419707908152,126.2817598195766,33,63,2079
138,7,00200,PedestrianGroup,158.19134903090546,101.31353688758904,126.06883646524109,35,70,2450
139,7,00206,PedestrianGroup,158.18184796606738,101.52418007750393,125.65408619417794,47,70,3290
140,7,00220,PedestrianGroup,158.19513874860144,101.77783540244947,125.31017605884365,43,67,2881
141,7,00217,PedestrianGroup,158.1951227159073,101.42642269104044,126.865130856735,37,70,2590
142,7,00211,PedestrianGroup,158.194986726696,102.06776223304864,126.78585150818786,42,63,2646
143,7,00226,PedestrianGroup,158.19264514250003,102.35793515049167,125.13237016787578,52,64,3328
144,7,00181,PedestrianGroup,158.19486226553954,101.26072563176903,123.98947234327561,44,75,3300
145,7,00187,PedestrianGroup,158.19363059726132,101.39172348297586,125.47218624208661,49,55,2695
146,7,00178,PedestrianGroup,158.19435232796263,100.67544576063376,124.21538694324607,39,78,3042
147,7,00197,PedestrianGroup,158.19025752662495,101.16400476418421,125.95068760419775,47,52,2444
148,7,00191,PedestrianGroup,158.1910358224279,101.13460987856351,125.76132573357438,43,69,2967
149,7,00201,PedestrianGroup,158.19275724310677,101.40161304651384,125.73869640246892,33,72,2376
150,7,00207,PedestrianGroup,158.19072528063433,102.129910636096,125.29984826977406,46,78,3588
151,8,00076,Sedan,158.18657217859828,99.34434096122385,125.92361305010017,42,72,3024
152,8,00079,Sedan,158.1873762462843,100.29473669309695,127.43310220022427,44,78,3432
153,7,00061,Sedan,158.1920307921991,100.9575341127686,121.99176426311791,44,72,3168
154,7,00034,Sedan,158.189516867321,101.7856652515273,120.6252116983199,40,62,2480
155,7,00071,Sedan,158.20223485971735,101.63792828289647,123.0062755541389,51,64,3264
156,8,00069,Sedan,158.18436717781668,100.33328467853482,124.36757361960744,50,69,3450
157,8,00066,Sedan,158.1807768273109,100.29257641262416,124.35363665557594,50,70,3500
158,7,00051,Sedan,158.19211988744837,101.59273147011922,122.51376959847283,45,76,3420
159,8,00046,Sedan,158.17878570463606,99.76573481630257,122.52859995797304,47,70,3290
160,8,00049,Sedan,158.17871942621824,99.54340331897775,123.00241812240182,41,74,3034
161,8,00059,Sedan,158.17584363947586,99.94307543902046,122.24655985071497,41,70,2870
162,8,00056,Sedan,158.17842327950052,100.46369080197137,122.59147073408063,40,70,2800
163,8,00034,Sedan,158.18349625375035,99.29954599559821,125.9135975149041,41,76,3116
164,8,00082,Sedan,158.18375872394583,99.80979852761513,128.18103380855442,43,75,3225
165,7,00073,Sedan,158.19720761400734,102.02902825242703,122.12753927634576,48,66,3168
166,7,00036,Sedan,158.19642342065004,101.12837870092328,131.7032184913964,35,61,2135
167,8,00064,Sedan,158.18377455104346,99.87357635681175,122.98747992012682,42,70,2940
168,8,00074,Sedan,158.18674289007598,100.07090953960385,125.18884006950391,44,73,3212
169,7,00063,Sedan,158.19057421014654,101.1942962905065,122.86475111389069,41,68,2788
170,8,00054,Sedan,158.18574634191006,100.16696837018982,122.40921442890794,47,72,3384
171,7,00035,Sedan,158.18941762449757,101.37636849081888,118.18564051629066,32,67,2144
172,8,00039,Sedan,158.18629561455418,100.13401452101297,122.8840263723498,48,68,3264
173,8,00036,Sedan,158.18498718439153,99.74885215284272,123.36663357547793,47,74,3478
174,7,00043,Sedan,158.19679825918058,101.25733772405988,122.63113482357939,40,74,2960
175,8,00080,Sedan,158.1850905161282,99.28085050103849,128.52381827749488,42,71,2982
176,7,00053,Sedan,158.18865634905046,101.32213848234592,122.45647222536236,38,62,2356
177,8,00044,Sedan,158.1808232894736,99.89635763939552,122.48625912652403,46,73,3358
178,7,00055,Sedan,158.19590714632562,101.43223442327455,121.57846362883893,39,62,2418
179,7,00038,Sedan,158.1954435779696,101.81307602788641,123.20401505667633,59,80,4720
180,8,00042,Sedan,158.18163119967787,100.10361213593832,122.81499609226009,49,70,3430
181,8,00052,Sedan,158.17927494861698,99.63161944257585,122.89424433383938,44,73,3212
182,7,00045,Sedan,158.19444578075067,101.34055212433077,123.0518720560612,39,71,2769
183,8,00072,Sedan,158.18884914934245,99.86796600233794,125.71543483497315,44,71,3124
184,7,00034,Sedan,158.189516867321,101.7856652515273,117.81417981571349,35,63,2205
185,7,00065,Sedan,158.1959458307408,101.88242816078949,122.54001425017191,40,68,2720
186,7,00075,Sedan,158.19753330593548,102.3292128112382,121.64291688730326,52,63,3276
187,8,00062,Sedan,158.1853676539107,100.15197426352103,122.94358747229548,44,71,3124
188,8,00050,Sedan,158.18294004602353,99.27336162408743,122.39852139952839,44,70,3080
189,7,00048,Sedan,158.18895870447446,101.25766098429654,122.78829192681123,43,73,3139
190,7,00047,Sedan,158.1900156007035,101.07351021627076,122.47447178784202,35,62,2170
191,8,00032,Sedan,158.17902884048394,99.80653973399555,126.89600161846849,47,75,3525
192,7,00057,Sedan,158.194615594707,101.10576313171002,122.93378524528909,35,70,2450
193,7,00058,Sedan,158.20243338470692,100.90214652058063,122.23014542243853,43,76,3268
194,7,00035,Sedan,158.18941762449757,101.37636849081888,116.53701045976088,32,67,2144
195,8,00040,Sedan,158.18449170270742,100.13484264985865,122.45360998920208,52,70,3640
196,7,00077,Sedan,158.19757468233556,102.43081399186904,122.53273397185002,42,70,2940
197,8,00060,Sedan,158.180830128787,99.96639960005069,122.48276287328088,43,74,3182
198,8,00070,Sedan,158.18237301855677,100.73882068897066,125.3346179684355,50,75,3750
199,7,00067,Sedan,158.20142682703613,101.26540018693296,122.65529308439116,39,81,3159
200,7,00068,Sedan,158.20292035835433,101.52184434376929,122.39707429770256,38,73,2774
201,8,00063,Sedan,158.18096896213882,100.0227454441673,124.25606162930049,46,72,3312
202,7,00074,Sedan,158.19558683936015,101.52281858554652,121.66092389450313,51,62,3162
203,7,00064,Sedan,158.19188293132723,102.4262799415775,122.1811923316575,41,69,2829
204,8,00073,Sedan,158.1900974972187,100.52228236414018,126.52912971956121,45,73,3285
205,7,00044,Sedan,158.20116639184826,101.4119715514131,122.98626507846896,39,65,2535
206,8,00053,Sedan,158.18291489679814,100.50749713379467,123.09037570254264,49,70,3430
207,7,00039,Sedan,158.1956615247947,100.93596814763443,124.44939926051056,30,72,2160
208,7,00036,Sedan,158.19642342065004,101.12837870092328,123.29995494562648,50,55,2750
209,8,00043,Sedan,158.177067768675,99.7550296389769,122.64266235299047,41,70,2870
210,7,00054,Sedan,158.19199826958993,101.36859923225501,122.25549426510672,40,71,2840
211,7,00069,Sedan,158.194123683915,101.80790143477651,122.93974631220891,33,71,2343
212,7,00066,Sedan,158.19520423482595,101.2100266577715,123.30640890086686,41,61,2501
213,8,00071,Sedan,158.18499990132898,99.29727223517075,124.55306738826874,48,76,3648
214,8,00061,Sedan,158.18704254630995,100.43909334587329,123.1154755408359,40,70,2800
215,7,00076,Sedan,158.1896797438875,101.30433462054052,122.51667101272054,46,71,3266
216,7,00034,Sedan,158.189516867321,101.7856652515273,115.720116306741,48,82,3936
217,8,00041,Sedan,158.18891011937208,99.64768494925954,123.64770116316548,46,77,3542
218,7,00059,Sedan,158.19384616235922,100.91726407871315,121.87151566746766,40,79,3160
219,7,00056,Sedan,158.19198233779142,101.65224540153305,122.22800194583378,43,67,2881
220,7,00046,Sedan,158.19215991158268,101.0163146862468,123.04617378409355,44,67,2948
221,7,00049,Sedan,158.18835249278192,101.86217812642333,123.27206105691596,35,59,2065
222,8,00033,Sedan,158.1819219988974,99.84074274672209,124.14977171096402,44,70,3080
223,8,00051,Sedan,158.1787543707556,99.91404275214164,123.33348295746657,38,72,2736
224,8,00035,Sedan,158.18367341582615,100.12797485125355,125.62230388255584,50,75,3750
225,7,00040,Sedan,158.19589040871824,101.59017227775372,122.81064406107396,31,66,2046
226,8,00057,Sedan,158.17622285422084,100.22673932286813,122.4651357145666,41,70,2870
227,8,00058,Sedan,158.18371108161165,99.81808768929822,122.13738635153513,45,73,3285
228,7,00036,Sedan,158.19642342065004,101.12837870092328,127.55492468561458,33,55,1815
229,8,00048,Sedan,158.1806796213529,100.15328919148979,123.1340005163344,45,72,3240
230,8,00047,Sedan,158.18271137389127,99.44277908066746,122.36397777359632,52,70,3640
231,7,00050,Sedan,158.1896703758554,101.16060659742334,122.63176955576981,35,72,2520
232,8,00067,Sedan,158.18291142169176,100.5129473917453,125.41548601193162,46,72,3312
233,8,00068,Sedan,158.18429027695302,100.27597195402296,124.97534017111731,49,69,3381
234,7,00070,Sedan,158.19613605541312,101.3667062035084,123.08893474543973,43,74,3182
235,7,00035,Sedan,158.18941762449757,101.37636849081888,123.33890178638121,24,57,1368
236,7,00060,Sedan,158.1921568070715,100.45511536613647,121.48320830002042,44,74,3256
237,8,00078,Sedan,158.18794348181405,99.79133769083802,126.44937647039494,40,73,2920
238,8,00077,Sedan,158.1898555538005,100.50241670350624,126.78072719849992,44,74,3256
239,8,00045,Sedan,158.1810655188167,99.10040745326795,122.0416905048058,53,69,3657
240,7,00052,Sedan,158.19203718651642,101.10013550842092,122.10048321756072,49,69,3381
241,8,00037,Sedan,158.18933682497993,99.44633698254037,123.39131654268465,50,70,3500
242,8,00038,Sedan,158.18936894105042,99.76370773212176,124.23233698281724,50,73,3650
243,8,00081,Sedan,158.1874024900576,99.22037615274049,126.6235594836658,47,73,3431
244,7,00042,Sedan,158.19535463098023,101.25331200070812,122.81406388900098,39,71,2769
245,7,00034,Sedan,158.189516867321,101.7856652515273,120.55246926030163,40,68,2720
246,8,00055,Sedan,158.18320082190377,99.75728622046259,123.0193922781014,50,74,3700
247,7,00062,Sedan,158.19413551094138,101.44355824140233,122.26401736818703,39,74,2886
248,8,00075,Sedan,158.18214764113978,99.35385789796231,125.23555192205487,47,73,3431
249,8,00065,Sedan,158.17953187035107,100.1772290616649,124.65367857076832,44,68,2992
250,7,00072,Sedan,158.19378817896188,102.42507877906061,122.54457173904447,49,67,3283
251,7,00132,Motorcycle,158.20196510581536,101.01509704961163,125.90364899463708,36,40,1440
252,8,00465,Motorcycle,158.18115229216428,100.3885823921592,130.74242774545328,41,47,1927
253,7,00151,Motorcycle,158.19100965414154,101.03542246234413,136.71423600147548,23,43,989
254,7,00144,Motorcycle,158.19273512906082,101.2202780670411,130.38628239824655,23,36,828
255,8,00470,Motorcycle,158.18409071351573,100.11515847416624,131.79342392997248,42,47,1974
256,7,00127,Motorcycle,158.1985413665326,100.63222476506465,123.96447325593728,32,32,1024
257,7,00119,Motorcycle,158.20219261953434,101.21879710559122,124.46731022188592,29,37,1073
258,8,00372,Motorcycle,158.1876653766172,100.48195110582098,129.21365750595498,38,40,1520
259,7,00133,Motorcycle,158.19651909256277,102.42868202026852,126.14619192040243,30,49,1470
260,7,00150,Motorcycle,158.19750135837882,101.17194418473069,137.3833800544755,18,36,648
261,8,00464,Motorcycle,158.18233095246902,99.96454427505898,130.3283543488115,35,45,1575
262,7,00118,Motorcycle,158.1948969708354,101.45593330602455,122.71086927719996,24,37,888
263,8,00373,Motorcycle,158.18798505381227,100.59604366961412,127.37585065520541,30,38,1140
264,8,00471,Motorcycle,158.18741083637542,100.13932052837843,131.65013590077092,49,52,2548
265,7,00145,Motorcycle,158.19696133230582,101.76141307368951,129.96267598896338,33,46,1518
266,7,00126,Motorcycle,158.19327482737006,101.71419975393255,124.05107557450553,24,31,744
267,7,00125,Motorcycle,158.1893529764727,101.24049752027136,124.16638777158606,24,33,792
268,7,00146,Motorcycle,158.19388942598525,101.31703901079348,134.8457033521849,25,42,1050
269,8,00472,Motorcycle,158.18763066030607,100.28170871560256,132.3918494759543,43,50,2150
270,8,00388,Motorcycle,158.19047742852845,100.18758228098564,127.31414635614391,29,35,1015
271,8,00459,Motorcycle,158.185360222113,100.8481939120465,131.5718164067851,43,45,1935
272,8,00467,Motorcycle,158.18451860361162,99.99155804284926,130.62669062814965,45,50,2250
273,7,00153,Motorcycle,158.19802254904064,101.40588605257483,133.80957471074512,32,38,1216
274,7,00130,Motorcycle,158.1996753396486,102.16221388180557,124.69507912662344,28,38,1064
275,8,00389,Motorcycle,158.1803008507379,99.98611415253518,128.93568442331204,30,35,1050
276,8,00371,Motorcycle,158.18880385287935,100.39395740419778,126.32326634714278,38,50,1900
277,7,00124,Motorcycle,158.19116993129745,101.71695560449633,123.62220903182535,20,34,680
278,7,00147,Motorcycle,158.19512736757815,101.8520413444214,136.8703740742059,24,35,840
279,7,00152,Motorcycle,158.195712517988,102.73027129722422,137.95969962030063,32,37,1184
280,8,00466,Motorcycle,158.18519564663623,100.2328858799779,132.65388394448365,38,54,2052
281,7,00131,Motorcycle,158.20140522859052,102.35275997499109,125.17482169146118,26,36,936
282,8,00458,Motorcycle,158.18545428217294,100.81285415634889,128.55769447428975,39,44,1716
283,7,00109,Motorcycle,158.1894389213289,102.35283220304694,121.58259004986776,16,40,640
284,8,00460,Motorcycle,158.18979392487856,100.66840600705927,132.56087589517193,38,46,1748
285,7,00137,Motorcycle,158.18855807569574,102.13136054515368,124.08302527892839,36,45,1620
286,7,00122,Motorcycle,158.19716459778905,100.45675560532948,124.08681264186193,27,34,918
287,8,00475,Motorcycle,158.18264514816232,100.74029263154883,132.04396120887967,44,49,2156
288,7,00141,Motorcycle,158.19646757440944,102.19127027085062,125.16920368391703,30,41,1230
289,8,00377,Motorcycle,158.18617526261752,99.49714613608475,127.14092551706469,30,36,1080
290,8,00461,Motorcycle,158.1832801317961,100.57726132461934,132.51461243239447,39,42,1638
291,7,00136,Motorcycle,158.18423032897374,101.51894997745592,124.22179632402936,36,46,1656
292,7,00108,Motorcycle,158.19527722057674,101.74168077163942,122.71349400318773,23,30,690
293,8,00376,Motorcycle,158.19274075461195,99.72276041616271,127.72063758227031,32,35,1120
294,7,00123,Motorcycle,158.19124998567963,101.29455268860556,122.98719327027696,27,34,918
295,7,00140,Motorcycle,158.19284056020203,102.28926874350168,123.53546520397681,31,34,1054
296,8,00474,Motorcycle,158.1812032511038,100.63793971388988,131.73565677684311,41,52,2132
297,8,00477,Motorcycle,158.18688007190838,100.34385874922498,132.44945732652826,41,59,2419
298,7,00143,Motorcycle,158.19443243284087,101.88353383132335,126.99015849528179,21,38,798
299,7,00120,Motorcycle,158.2033095787171,102.26984775783464,122.81197440954342,19,24,456
300,8,00375,Motorcycle,158.18763608466782,100.22129961915185,130.27579458735772,30,33,990
301,8,00398,Motorcycle,158.18324371680168,100.64752406721186,128.5822642540146,32,35,1120
302,7,00135,Motorcycle,158.189042722577,101.82950473888668,124.92698478910657,31,35,1085
303,8,00462,Motorcycle,158.18653754708276,100.40397494025628,129.67351015125564,42,48,2016
304,8,00374,Motorcycle,158.18512812985085,100.18991849096943,129.4109918430263,32,39,1248
305,7,00142,Motorcycle,158.19719357378133,102.14916615860197,127.26485666301883,31,37,1147
306,8,00476,Motorcycle,158.18376228771768,99.97204786313975,132.15324093182107,39,53,2067
307,7,00121,Motorcycle,158.19714716622218,102.47682507874958,124.67926207367319,23,38,874
308,8,00400,Motorcycle,158.18725325074493,99.99374068765091,126.43622488564736,34,34,1156
309,7,00134,Motorcycle,158.193826028671,102.24308983395622,125.66432353957333,22,37,814
310,8,00463,Motorcycle,158.18852988428316,100.5395793533921,133.33996028388515,39,53,2067
311,8,00399,Motorcycle,158.18957605174404,99.62587108273793,126.56729483492838,33,33,1089
312,7,00138,Motorcycle,158.18856187777075,101.92195902540236,123.6871302716215,35,38,1330
313,7,00106,Motorcycle,158.19780503260046,102.07678664332805,122.15476274916868,23,30,690
314,8,00395,Motorcycle,158.1840034392016,100.20215090821537,127.38968537992098,33,36,1188
315,7,00253,Motorcycle,158.19807206404295,101.55728699261667,126.77822897547044,47,54,2538
316,8,00378,Motorcycle,158.19377903307694,99.5303013100086,126.60370060246217,32,38,1216
317,8,00380,Motorcycle,158.1844831895581,99.97291375972993,127.20401255449791,31,32,992
318,7,00107,Motorcycle,158.19782027284754,101.9928295121889,122.75307112211064,35,39,1365
319,7,00252,Motorcycle,158.19619951639925,101.15601246485647,126.62657257828448,41,44,1804
320,8,00394,Motorcycle,158.19197300339428,100.01379233987662,125.56082472263289,32,32,1024
321,7,00139,Motorcycle,158.18905845148475,102.01681073235878,123.69281867286783,27,38,1026
322,8,00379,Motorcycle,158.18915889630313,99.03017017364706,125.91341365560984,30,33,990
323,8,00381,Motorcycle,158.18842755620972,99.69439206425905,126.64491937937815,33,32,1056
324,8,00382,Motorcycle,158.17995267284832,99.70183251942436,129.54589069163353,33,38,1254
325,8,00478,Motorcycle,158.18811703573797,100.38946744350721,130.3903605792328,41,56,2296
326,8,00453,Motorcycle,158.18709156908756,100.4619445167624,131.82049435817447,43,52,2236
327,8,00397,Motorcycle,158.18059099939123,100.52149523921139,126.58435722982824,32,33,1056
328,7,00251,Motorcycle,158.18923906115916,102.57489809096504,126.77365371858131,32,40,1280
329,7,00104,Motorcycle,158.19927918755312,102.13733827559976,121.94476904366354,28,35,980
330,8,00383,Motorcycle,158.18561728727366,99.54222637917135,128.67160432605738,27,38,1026
331,8,00396,Motorcycle,158.18412598968075,100.35436481573258,127.16347420078995,32,34,1088
332,7,00105,Motorcycle,158.1957044905512,102.17336752801039,122.7321252539486,22,31,682
333,8,00454,Motorcycle,158.1809309999642,100.08690619771671,131.79517679412842,39,53,2067
334,8,00390,Motorcycle,158.18138327229838,99.46104627225239,127.05484641167729,28,35,980
335,7,00103,Motorcycle,158.20455872772038,102.02819478803048,118.94719380986581,25,35,875
336,7,00116,Motorcycle,158.1988667539211,102.71860970161961,123.24623370978442,27,34,918
337,8,00385,Motorcycle,158.18675579366732,100.21344534535054,128.20184356606725,30,33,990
338,7,00128,Motorcycle,158.1944388741593,101.94888050400101,124.08652785716474,28,33,924
339,8,00391,Motorcycle,158.1814126199217,99.79618811413751,125.57149716282028,31,33,1023
340,8,00455,Motorcycle,158.1793324577202,100.24165261136757,130.18972452641947,40,50,2000
341,7,00129,Motorcycle,158.1948872427381,101.72140858814433,123.65206863118422,32,33,1056
342,7,00117,Motorcycle,158.19649907662574,102.42993127407922,123.34991232684631,29,41,1189
343,8,00384,Motorcycle,158.1863122329629,100.19253150486355,127.04140521429956,37,38,1406
344,8,00387,Motorcycle,158.18910572663424,99.15035637027864,126.91751148199741,26,33,858
345,7,00114,Motorcycle,158.19455113416512,102.15739358085933,121.63278862324623,16,39,624
346,7,00149,Motorcycle,158.1961646316203,101.23502543083472,133.68340906384654,30,35,1050
347,8,00468,Motorcycle,158.18737954653488,100.30487224927974,130.34744977991042,43,52,2236
348,8,00392,Motorcycle,158.18262760042836,100.79121761776138,126.16229688036148,31,35,1085
349,8,00456,Motorcycle,158.1857158608241,100.73971339610728,129.37622379842463,32,42,1344
350,7,00148,Motorcycle,158.1966100956782,100.92064588520762,134.62118007875162,31,34,1054
351,8,00386,Motorcycle,158.18253151971612,100.0340152052701,126.13024237849334,29,36,1044
352,7,00115,Motorcycle,158.19820324322615,102.26295489000576,121.07499531020501,19,39,741
353,8,00457,Motorcycle,158.18667687484773,100.18523653375853,129.60056556938054,37,40,1480
354,8,00393,Motorcycle,158.18702229404806,100.0947841183016,126.45837625748715,31,34,1054
355,8,00469,Motorcycle,158.18777560866536,100.28352235007699,131.798349654465,43,44,1892
356,7,00185,Pedestrian,158.19712519142453,100.70042565697088,125.81609246332039,32,32,1024
357,7,00194,Pedestrian,158.19161761424314,100.60965236230126,127.24604337324413,34,40,1360
358,7,00181,Pedestrian,158.19486226553954,101.26072563176903,124.55302050052931,36,34,1224
359,7,00179,Pedestrian,158.19477845038557,101.209562597138,124.6904419601747,31,34,1054
360,7,00190,Pedestrian,158.18930149026113,101.09419707908152,126.01445101673674,29,29,841
361,7,00195,Pedestrian,158.19120286071205,101.10920386050921,127.29259339687661,30,39,1170
362,7,00184,Pedestrian,158.19172345854457,100.94756056664237,125.5268968062836,34,30,1020
363,7,00191,Pedestrian,158.1910358224279,101.13460987856351,127.33446333541082,26,35,910
364,7,00180,Pedestrian,158.19920404390996,101.33073607078585,124.32662412848849,28,30,840
365,7,00202,Pedestrian,158.19293669755984,101.0148420595233,125.81359075528559,25,37,925
366,7,00178,Pedestrian,158.19435232796263,100.67544576063376,124.9555395601085,34,32,1088
367,7,00201,Pedestrian,158.19275724310677,101.40161304651384,125.71882842860276,33,47,1551
368,7,00183,Pedestrian,158.19037121934844,101.1249611172724,125.15811598139817,35,33,1155
369,7,00192,Pedestrian,158.19416593255485,101.09860748212397,126.06392029476427,27,35,945
370,7,00187,Pedestrian,158.19363059726132,101.39172348297586,126.97155045853415,30,32,960
371,7,00196,Pedestrian,158.18753990131395,100.91370189881488,126.41241387225837,27,30,810
372,7,00193,Pedestrian,158.20032506832655,101.13079947885575,126.96556093370602,29,31,899
373,7,00200,Pedestrian,158.19134903090546,101.31353688758904,126.13207679592969,35,44,1540
374,7,00182,Pedestrian,158.1930175395382,100.43782449979646,124.4700663835645,49,70,3430
375,7,00197,Pedestrian,158.19025752662495,101.16400476418421,126.39365588788971,38,34,1292
376,7,00186,Pedestrian,158.19867682827953,100.86224726744646,126.93113304038944,29,36,1044
377,7,00178,Pedestrian,158.19435232796263,100.67544576063376,125.05625863885717,25,31,775
378,7,00202,Pedestrian,158.19293669755984,101.0148420595233,126.03672657391742,24,39,936
379,7,00180,Pedestrian,158.19920404390996,101.33073607078585,124.65587236350291,25,31,775
380,7,00191,Pedestrian,158.1910358224279,101.13460987856351,127.34121655347016,29,35,1015
381,7,00184,Pedestrian,158.19172345854457,100.94756056664237,125.13979290572233,36,36,1296
382,7,00195,Pedestrian,158.19120286071205,101.10920386050921,126.64611502654792,34,32,1088
383,7,00190,Pedestrian,158.18930149026113,101.09419707908152,126.49792403096619,34,36,1224
384,7,00179,Pedestrian,158.19477845038557,101.209562597138,124.80090962148142,26,31,806
385,7,00181,Pedestrian,158.19486226553954,101.26072563176903,124.65802437857315,35,40,1400
386,7,00194,Pedestrian,158.19161761424314,100.60965236230126,126.85610602397551,37,32,1184
387,7,00185,Pedestrian,158.19712519142453,100.70042565697088,124.83167161897455,30,37,1110
388,7,00186,Pedestrian,158.19867682827953,100.86224726744646,126.07203679572959,33,39,1287
389,7,00197,Pedestrian,158.19025752662495,101.16400476418421,126.39365588788971,38,34,1292
390,7,00182,Pedestrian,158.1930175395382,100.43782449979646,125.69323114476967,26,34,884
391,7,00200,Pedestrian,158.19134903090546,101.31353688758904,125.76317486690313,35,44,1540
392,7,00193,Pedestrian,158.20032506832655,101.13079947885575,126.64207419670983,37,42,1554
393,7,00196,Pedestrian,158.18753990131395,100.91370189881488,125.91953443846904,31,36,1116
394,7,00187,Pedestrian,158.19363059726132,101.39172348297586,126.16785353141225,37,39,1443
395,7,00192,Pedestrian,158.19416593255485,101.09860748212397,125.91135703283815,28,35,980
396,7,00183,Pedestrian,158.19037121934844,101.1249611172724,125.04137763442556,29,37,1073
397,7,00201,Pedestrian,158.19275724310677,101.40161304651384,125.83441303477267,33,44,1452
398,7,00198,Pedestrian,158.18860336951266,101.91561842882152,125.9559898814634,33,34,1122
399,7,00189,Pedestrian,158.19108885694934,100.97094762244483,126.06854846942011,31,32,992
400,7,00188,Pedestrian,158.1943440552774,101.55404514544352,124.99751271908904,36,41,1476
401,7,00199,Pedestrian,158.19080151579482,100.83819371760038,126.91370461928442,37,34,1258
402,7,00199,Pedestrian,158.19080151579482,100.83819371760038,126.72638208796793,37,34,1258
403,7,00188,Pedestrian,158.1943440552774,101.55404514544352,125.27532541080025,38,33,1254
404,7,00189,Pedestrian,158.19108885694934,100.97094762244483,127.13562550305161,23,30,690
405,7,00198,Pedestrian,158.18860336951266,101.91561842882152,127.06793745534264,33,34,1122
406,8,00255,Bike,158.18840863680836,99.62126036284103,127.34851233373932,42,45,1890
407,8,00243,Bike,158.18628235808228,99.23441379343342,128.39792661407682,33,65,2145
408,8,00289,Bike,158.19284812230302,99.29662389598641,127.21989041023863,45,57,2565
409,8,00279,Bike,158.18455829349875,99.21717077350847,127.19160438670818,49,61,2989
410,8,00379,Bike,158.18915889630313,99.03017017364706,123.62809969099007,40,58,2320
411,8,00355,Bike,158.185439774876,100.71257694101,123.11371397331787,44,53,2332
412,8,00343,Bike,158.18796785262506,100.3639951680432,122.68884360410914,42,53,2226
413,8,00348,Bike,158.18900805078314,100.41224331533999,122.8652229655666,39,61,2379
414,8,00364,Bike,158.18538375301003,99.7805340757696,123.33895365101067,44,52,2288
415,8,00372,Bike,158.1876653766172,100.48195110582098,123.7934037729096,44,56,2464
416,8,00264,Bike,158.18624598821128,99.03993971203187,127.03774293948742,52,62,3224
417,8,00282,Bike,158.18067774951717,99.9277886046149,126.36376920022032,49,59,2891
418,8,00272,Bike,158.1792633805773,99.75389632074702,126.97614728990328,50,58,2900
419,8,00248,Bike,158.19236360377235,99.45214994049424,126.28253641238842,38,52,1976
420,8,00359,Bike,158.187853588988,100.06807230292881,123.4458848863294,40,58,2320
421,8,00375,Bike,158.18763608466782,100.22129961915185,124.31303727333338,36,50,1800
422,8,00363,Bike,158.19007989303523,100.77060979831046,123.92636073130778,41,49,2009
423,8,00275,Bike,158.18178238311677,99.59838158687512,125.49053091173711,51,66,3366
424,8,00285,Bike,158.19480596776046,99.59393264090096,127.71067822821854,41,52,2132
425,8,00263,Bike,158.18342363420348,99.74592375801912,127.73426354246743,48,50,2400
426,8,00259,Bike,158.18742343179434,99.26177449135345,127.90864775520687,36,45,1620
427,8,00244,Bike,158.18585748707702,98.79036311090788,129.77418366122717,22,53,1166
428,8,00252,Bike,158.19182400560013,99.397208241207,126.73922988368011,44,47,2068
429,8,00268,Bike,158.1859772164936,99.4955184065382,125.58697253340698,62,63,3906
430,8,00368,Bike,158.19396056468315,100.63386974815771,123.74930128950126,49,64,3136
431,8,00337,Bike,158.18582887286024,99.79552788604613,123.2933306287538,40,51,2040
432,8,00344,Bike,158.18981046515773,99.88253423148983,122.92483612278333,38,56,2128
433,8,00352,Bike,158.18861892877828,99.96750403644634,123.86275969924836,42,54,2268
434,8,00341,Bike,158.18641379223195,99.37903529389504,123.04511448266452,39,55,2145
435,8,00332,Bike,158.1825502889753,99.95194991257277,122.05205240044639,33,54,1782
436,8,00357,Bike,158.18859368810683,100.20566854930253,123.05726928281632,44,55,2420
437,8,00257,Bike,158.18181627305273,99.63588761825835,128.78952458849136,38,51,1938
438,8,00280,Bike,158.183791657539,99.58725731149471,127.82454350635908,50,53,2650
439,8,00270,Bike,158.18483143853356,99.4287648517342,127.12461852754898,43,58,2494
440,8,00266,Bike,158.186753577115,99.21949144070123,125.02912856645248,62,62,3844
441,8,00339,Bike,158.18678197568835,99.64525156553574,123.26183051959242,35,54,1890
442,8,00370,Bike,158.19167266121966,100.29249349588268,124.02158049432339,41,53,2173
443,8,00380,Bike,158.1844831895581,99.97291375972993,123.7865907816238,44,53,2332
444,8,00366,Bike,158.19080013554023,99.75190953761552,123.64571154813197,46,53,2438
445,8,00261,Bike,158.19339118721135,99.7824417474569,128.87629666563316,46,62,2852
446,8,00291,Bike,158.18786323122012,100.0628418017498,126.88139077587408,50,57,2850
447,8,00277,Bike,158.1826987845876,99.88379411641974,127.23018896251436,47,53,2491
448,8,00287,Bike,158.1973289930821,99.68976107579907,126.85080569804953,48,51,2448
449,8,00361,Bike,158.18970408054165,101.06609922581767,123.90333350077573,42,58,2436
450,8,00377,Bike,158.18617526261752,99.49714613608475,123.66451423470072,39,58,2262
451,8,00350,Bike,158.18834984115554,100.41052044858307,122.91620504164857,52,75,3900
452,8,00335,Bike,158.17809526257494,100.26160131395696,123.12266238228634,41,50,2050
453,8,00346,Bike,158.18968849393565,100.41114632147547,122.91246311471865,41,56,2296
454,8,00250,Bike,158.1878453767825,99.01647117637967,126.70497654355043,37,52,1924
455,8,00246,Bike,158.18593678214836,100.24665578726577,127.92994686967661,35,50,1750
456,8,00360,Bike,158.19113219258492,99.8504077801874,124.14034051002025,35,54,1890
457,8,00376,Bike,158.19274075461195,99.72276041616271,123.8903340043773,33,57,1881
458,8,00260,Bike,158.1888254644795,99.88166569974312,127.37153732168274,43,50,2150
459,8,00290,Bike,158.18486193630972,99.12081655769208,127.91576512057802,47,55,2585
460,8,00276,Bike,158.18338921410972,99.95189014659296,127.13998968528765,44,58,2552
461,8,00286,Bike,158.187610763344,100.07371051264785,126.83946183473357,43,49,2107
462,8,00251,Bike,158.1907945104058,100.26729933516006,127.19582740322801,35,52,1820
463,8,00247,Bike,158.19049175689995,99.44724439269538,128.28217384770215,27,62,1674
464,8,00351,Bike,158.18232188373767,100.56294608183495,123.20411665586316,50,70,3500
465,8,00334,Bike,158.18257520520532,99.85113425014269,123.2194490282755,31,59,1829
466,8,00347,Bike,158.18560809318333,100.54311219282727,122.68321480774263,35,52,1820
467,8,00256,Bike,158.19117256388452,99.04440685927163,128.14514075145362,36,53,1908
468,8,00340,Bike,158.1810697129165,100.07269753690787,124.09810645389081,35,57,1995
469,8,00333,Bike,158.18532454316355,99.66324005592064,122.20159601967063,43,54,2322
470,8,00356,Bike,158.18895141655918,100.69603961672046,123.16850691495439,51,56,2856
471,8,00371,Bike,158.18880385287935,100.39395740419778,124.29277967918915,38,53,2014
472,8,00367,Bike,158.18948310015375,100.88285335746693,123.04877315386798,43,53,2279
473,8,00338,Bike,158.1840296316443,100.1466629831688,123.88339105588906,33,55,1815
474,8,00281,Bike,158.18630809278955,99.17186155878909,126.59057550569263,44,51,2244
475,8,00271,Bike,158.18390609784234,99.19413904408813,128.12559089761095,60,59,3540
476,8,00267,Bike,158.1891492275184,99.18448733331465,125.31202552952192,47,55,2585
477,8,00258,Bike,158.18313903250964,99.8402011366114,129.79252342053354,35,56,1960
478,8,00274,Bike,158.18061374970222,99.49804146949734,125.63599929938442,47,62,2914
479,8,00284,Bike,158.18496862175638,99.80271746347866,127.59231923008852,44,54,2376
480,8,00262,Bike,158.191678723342,99.13371209559611,126.42719539719282,56,56,3136
481,8,00292,Bike,158.1954369625281,99.78245671464788,126.69968016417668,49,52,2548
482,8,00374,Bike,158.18512812985085,100.18991849096943,123.99902358556537,41,53,2173
483,8,00362,Bike,158.18709115521474,100.45134401822952,123.41429924658607,35,56,1960
484,8,00358,Bike,158.18792378800345,100.62236329908514,123.7771604738572,43,52,2236
485,8,00336,Bike,158.19010551676845,100.14811322509509,122.86421966111487,47,53,2491
486,8,00345,Bike,158.18765412064445,100.19103874491806,123.22497837249573,45,51,2295
487,8,00353,Bike,158.18815958434706,100.07864035576031,123.19547455553948,40,53,2120
488,8,00369,Bike,158.1854318564557,100.81110200917037,124.41841304030794,41,52,2132
489,8,00269,Bike,158.18870211674985,99.45500487245651,126.69630372248996,55,59,3245
490,8,00245,Bike,158.18846243282712,99.25012766963336,128.8675532462632,28,57,1596
491,8,00253,Bike,158.19002963157408,99.72270374301729,127.87744232672196,35,52,1820
492,8,00354,Bike,158.19115261276565,100.00552188433858,124.06810073582486,44,54,2376
493,8,00342,Bike,158.18316062812664,100.34337189360677,123.43138355463034,42,52,2184
494,8,00331,Bike,158.18643696018847,100.2694567303722,121.99755624984678,44,52,2288
495,8,00378,Bike,158.19377903307694,99.5303013100086,123.70660398036526,39,55,2145
496,8,00288,Bike,158.19443458932375,99.32468329646935,127.47977014133977,55,59,3245
497,8,00278,Bike,158.18165531911686,99.9447153286394,127.97887147467837,50,65,3250
498,8,00254,Bike,158.19088192411562,99.35955199262409,126.69167537287125,48,53,2544
499,8,00249,Bike,158.19190695709355,99.09511344034841,125.53769737956792,39,48,1872
500,8,00265,Bike,158.1833329676191,99.49558693220028,127.11718557279323,45,57,2565
501,8,00283,Bike,158.18282309569327,99.609956025874,126.11799690088084,56,63,3528
502,8,00273,Bike,158.18879725454696,99.73682216828615,127.32842290716819,52,65,3380
503,8,00365,Bike,158.1843467392593,100.66023830416881,123.32231715632666,41,53,2173
504,8,00373,Bike,158.18798505381227,100.59604366961412,123.90878160909399,40,54,2160
505,8,00349,Bike,158.18227691293575,100.15591846604573,123.15700841190241,44,66,2904
